"id","submitdate","lastpage","startlanguage","seed","startdate","datestamp","block","M01","M02","M03","M04","M05","M06","M07","M08","P01","P01V","P01M","P01N","P01S","P02","P02V","P02M","P02N","P02S","P03","P03V","P03M","P03N","P03S","P04","P04V","P04M","P04N","P04S","P05","P05V","P05M","P05N","P05S","P06","P06V","P06M","P06N","P06S","P07","P07V","P07M","P07N","P07S","P08","P08V","P08M","P08N","P08S","K01","K02","K03","G00Q02[SQ001]","G00Q02[SQ002]","G00Q02[SQ003]","G00Q03[SQ001]","G00Q03[SQ002]","G00Q03[SQ003]","G00Q04[SQ001]","G00Q04[SQ002]","G00Q04[SQ003]","sex","age","educ","interviewtime","groupTime27792","blockTime","groupTime27793","M01Time","M02Time","M03Time","M04Time","M05Time","M06Time","M07Time","M08Time","groupTime27847","P01Time","P01VTime","P01MTime","P01NTime","P01STime","P02Time","P02VTime","P02MTime","P02NTime","P02STime","P03Time","P03VTime","P03MTime","P03NTime","P03STime","P04Time","P04VTime","P04MTime","P04NTime","P04STime","P05Time","P05VTime","P05MTime","P05NTime","P05STime","P06Time","P06VTime","P06MTime","P06NTime","P06STime","P07Time","P07VTime","P07MTime","P07NTime","P07STime","P08Time","P08VTime","P08MTime","P08NTime","P08STime","groupTime29373","K01Time","K02Time","K03Time","groupTime27791","G00Q02Time","G00Q03Time","G00Q04Time","groupTime29372","sexTime","ageTime","educTime"
"1","2025-07-05 14:43:13","6","de","352066507","2025-07-05 14:40:44","2025-07-05 14:43:13","1",,,,,,,,,"Müllentsorgung",,"Umweltverschmutzung",,,"Verkehr & Infrastruktur","Asphalt & Schlaglöcher",,,,"Müllentsorgung",,"Sperrmüll",,,"Müllentsorgung",,"Altglas- & Altkleidercontainer",,,"Müllentsorgung",,"Öffentliche Mülleimer",,,"Verkehr & Infrastruktur","Ampeln, Verkehrsschilder & Straßenbeleuchtung",,,,"Müllentsorgung",,"Gefahrenstoffe",,,"Müllentsorgung",,"Sperrmüll",,,"Sicher","Ja","Müll am Straßenrand etwas anderes als Sperrmüll","Ja","Nein","Nein","Ja","Nein","Nein","Nein","Ja","Nein","Männlich","29","Hochschulabschluss","144.99",,,,,,,,,,,,"95.18",,,,,,,,,,,,,,,,,,,,,,,,,,,,,,,,,,,,,,,,,"28.89",,,,"10.76",,,,"10.16",,,
"2","2025-07-05 16:04:16","6","de","1428878115","2025-07-05 16:00:57","2025-07-05 16:04:16","1",,,,,,,,,"Müllentsorgung",,"Umweltverschmutzung",,,"Verkehr & Infrastruktur","Asphalt & Schlaglöcher",,,,"Müllentsorgung",,"Sperrmüll",,,"Müllentsorgung",,"Altglas- & Altkleidercontainer",,,"Müllentsorgung",,"Sonstiges",,,"Verkehr & Infrastruktur","Ampeln, Verkehrsschilder & Straßenbeleuchtung",,,,"Müllentsorgung",,"Gefahrenstoffe",,,"Müllentsorgung",,"Sperrmüll",,,"Sicher","Nein",,"Nein","Ja","Nein","Ja","Nein","Nein","Nein","Ja","Nein","Männlich","26","Hochschulabschluss","194.8",,,,,,,,,,,,"135.39",,,,,,,,,,,,,,,,,,,,,,,,,,,,,,,,,,,,,,,,,"22.01",,,,"18.21",,,,"19.19",,,
"3",,"2","de","1661822640","2025-07-05 19:01:52","2025-07-05 19:01:59","1",,,,,,,,,,,,,,,,,,,,,,,,,,,,,,,,,,,,,,,,,,,,,,,,,,,,"N/A","N/A","N/A","N/A","N/A","N/A","N/A","N/A","N/A",,,,"0",,,,,,,,,,,,,,,,,,,,,,,,,,,,,,,,,,,,,,,,,,,,,,,,,,,,,,,,,,,,,,,,
"4","2025-07-05 19:07:06","6","de","1661822640","2025-07-05 19:01:55","2025-07-05 19:07:06","1",,,,,,,,,"Müllentsorgung",,"Umweltverschmutzung",,,"Verkehr & Infrastruktur","Fahrradwege",,,,"Müllentsorgung",,"Sperrmüll",,,"Müllentsorgung",,"Sperrmüll",,,"Müllentsorgung",,"Umweltverschmutzung",,,"Verkehr & Infrastruktur","Ampeln, Verkehrsschilder & Straßenbeleuchtung",,,,"Müllentsorgung",,"Umweltverschmutzung",,,"Müllentsorgung",,"Sperrmüll",,,"Sicher","Ja","Manchmal undeutlich ob das jetzt Sperrmüll ist oder alt Container. Oder einfach falsche Multentsorgung. Limitation war ab und an tricky ","Nein","Ja","Nein","Nein","Ja","Nein","Nein","Ja","Nein","Männlich","29","Hochschulabschluss","303.37",,,,,,,,,,,,"185.28",,,,,,,,,,,,,,,,,,,,,,,,,,,,,,,,,,,,,,,,,"50.54",,,,"51.4",,,,"16.15",,,
"5","2025-07-05 19:43:57","6","de","619222703","2025-07-05 19:41:42","2025-07-05 19:43:57","0","Wilde Müllkippe 🧹","Straßen 🚧","Abfall 🗑","Wilde Müllkippe 🧹","Abfall 🗑","Verkehrszeichen ⚠️","Abfall 🗑","Wilde Müllkippe 🧹",,,,,,,,,,,,,,,,,,,,,,,,,,,,,,,,,,,,,,,,,"Weder sicher noch unsicher","Ja","Unterschied zwischen Abfall und Wilder Müllkippe ist nicht eindeutig.","Ja","Nein","Nein","Nein","Ja","Nein","Nein","Ja","Nein","Männlich","26","Hochschulabschluss","130.95",,,"60.09",,,,,,,,,,,,,,,,,,,,,,,,,,,,,,,,,,,,,,,,,,,,,,,,,,"45.16",,,,"13.93",,,,"11.77",,,
"6",,"1","de","1529896770","2025-07-05 19:45:29","2025-07-05 19:45:29","0",,,,,,,,,,,,,,,,,,,,,,,,,,,,,,,,,,,,,,,,,,,,,,,,,,,,"N/A","N/A","N/A","N/A","N/A","N/A","N/A","N/A","N/A",,,,"0",,,,,,,,,,,,,,,,,,,,,,,,,,,,,,,,,,,,,,,,,,,,,,,,,,,,,,,,,,,,,,,,
"7","2025-07-05 19:56:44","6","de","1400250103","2025-07-05 19:51:08","2025-07-05 19:56:44","0","Wilde Müllkippe 🧹","Straßen 🚧","Abfall 🗑","Wilde Müllkippe 🧹","Abfall 🗑","Verkehrszeichen ⚠️","Abfall 🗑","Wilde Müllkippe 🧹",,,,,,,,,,,,,,,,,,,,,,,,,,,,,,,,,,,,,,,,,"Sicher","Nein",,"Ja","Nein","Nein","Nein","Ja","Nein","Nein","Ja","Nein","Männlich","26","Hochschulabschluss","335.76",,,"248.61",,,,,,,,,,,,,,,,,,,,,,,,,,,,,,,,,,,,,,,,,,,,,,,,,,"46.02",,,,"10.82",,,,"30.31",,,
"8","2025-07-05 19:55:41","6","de","875348071","2025-07-05 19:52:16","2025-07-05 19:55:41","0","Wilde Müllkippe 🧹","Straßen 🚧","Abfall 🗑","Abfall 🗑","Abfall 🗑","Straßen 🚧","Wilde Müllkippe 🧹","Wilde Müllkippe 🧹",,,,,,,,,,,,,,,,,,,,,,,,,,,,,,,,,,,,,,,,,"Unsicher","Ja","","Ja","Nein","Nein","Nein","Ja","Nein","Nein","Ja","Nein","Männlich","26","Hochschulabschluss","204.73",,,"159.59",,,,,,,,,,,,,,,,,,,,,,,,,,,,,,,,,,,,,,,,,,,,,,,,,,"17.96",,,,"9.5",,,,"17.68",,,
"9",,"1","de","2121584446","2025-07-05 19:56:34","2025-07-05 19:56:34","0",,,,,,,,,,,,,,,,,,,,,,,,,,,,,,,,,,,,,,,,,,,,,,,,,,,,"N/A","N/A","N/A","N/A","N/A","N/A","N/A","N/A","N/A",,,,"0",,,,,,,,,,,,,,,,,,,,,,,,,,,,,,,,,,,,,,,,,,,,,,,,,,,,,,,,,,,,,,,,
"10","2025-07-05 21:05:14","6","de","196517402","2025-07-05 21:03:04","2025-07-05 21:05:13","0","Wilde Müllkippe 🧹","Straßen 🚧","Wilde Müllkippe 🧹","Wilde Müllkippe 🧹","Wilde Müllkippe 🧹","Verkehrszeichen ⚠️","Wilde Müllkippe 🧹","Wilde Müllkippe 🧹",,,,,,,,,,,,,,,,,,,,,,,,,,,,,,,,,,,,,,,,,"Sicher","Nein",,"Nein","Ja","Nein","Ja","Nein","Nein","Nein","Ja","Nein","Weiblich","29","Hochschulabschluss","130.46",,,"85.3",,,,,,,,,,,,,,,,,,,,,,,,,,,,,,,,,,,,,,,,,,,,,,,,,,"11.82",,,,"16.34",,,,"17",,,
"11","2025-07-06 08:39:35","6","de","1080122525","2025-07-06 08:31:34","2025-07-06 08:39:35","0","Abfall 🗑","Straßen 🚧","Abfall 🗑","Abfall 🗑","Abfall 🗑","Danke sagen 🙏","Abfall 🗑","Abfall 🗑",,,,,,,,,,,,,,,,,,,,,,,,,,,,,,,,,,,,,,,,,"Sicher","Ja","Wilde Müllkippe und Abfall finde ich schwierig auseinander zu halten. Wenn es um die Menge geht, mit der die Reinigung zu rechnen hat, kann ich aber verstehen, warum da versucht wird, unterschiedlich zu kategorisieren. Ich fände dann aber die Unterscheidung in wenig und viel Müll vielleicht einfacher. 
","Nein","Ja","Nein","Ja","Nein","Nein","Nein","Ja","Nein","Männlich","33","Hochschulabschluss","481.18",,,"196.51",,,,,,,,,,,,,,,,,,,,,,,,,,,,,,,,,,,,,,,,,,,,,,,,,,"218.9",,,,"13.59",,,,"52.18",,,
"12","2025-07-06 08:46:45","6","de","1850828875","2025-07-06 08:43:59","2025-07-06 08:46:45","0","Wilde Müllkippe 🧹","Straßen 🚧","Wilde Müllkippe 🧹","Abfall 🗑","Abfall 🗑","Verkehrszeichen ⚠️","Abfall 🗑","Abfall 🗑",,,,,,,,,,,,,,,,,,,,,,,,,,,,,,,,,,,,,,,,,"Sicher","Nein",,"Ja","Nein","Nein","Nein","Ja","Nein","Nein","Ja","Nein","Weiblich","33","Hochschulabschluss","166.54",,,"104.9",,,,,,,,,,,,,,,,,,,,,,,,,,,,,,,,,,,,,,,,,,,,,,,,,,"20.05",,,,"27.69",,,,"13.9",,,
"13","2025-07-06 15:46:04","6","de","7579395","2025-07-06 15:40:43","2025-07-06 15:46:04","1",,,,,,,,,"Natur & öffentliche Plätze",,,"Umweltverschmutzung",,"Verkehr & Infrastruktur","Asphalt & Schlaglöcher",,,,"Müllentsorgung",,"Sperrmüll",,,"Müllentsorgung",,"Umweltverschmutzung",,,"Müllentsorgung",,"Umweltverschmutzung",,,"Verkehr & Infrastruktur","Ampeln, Verkehrsschilder & Straßenbeleuchtung",,,,"Natur & öffentliche Plätze",,,"Umweltverschmutzung",,"Müllentsorgung",,"Sperrmüll",,,"Unsicher","Ja","Mehrdeutigkeit, Interpretationsspielraum ob Kontext o. Inhalt gemeint sind -- zB bei Altkleidercontainer abgestellter Müll kann versch. Oberkategorien haben","Ja","Nein","Nein","Nein","Ja","Nein","Nein","Ja","Nein","Männlich","31","Hochschulabschluss","318.77",,,,,,,,,,,,"149.37",,,,,,,,,,,,,,,,,,,,,,,,,,,,,,,,,,,,,,,,,"141.66",,,,"16.31",,,,"11.43",,,
"14","2025-07-06 15:48:22","6","de","1627415702","2025-07-06 15:45:27","2025-07-06 15:48:22","0","Wilde Müllkippe 🧹","Straßen 🚧","Abfall 🗑","Abfall 🗑","Abfall 🗑","Verkehrszeichen ⚠️","Abfall 🗑","Abfall 🗑",,,,,,,,,,,,,,,,,,,,,,,,,,,,,,,,,,,,,,,,,"Sicher","Ja","Abfall und wilde Müllkippe bin ich mir im Unterschied unsicher","Ja","Nein","Nein","Nein","Ja","Nein","Nein","Ja","Nein","Weiblich","28","Hochschulabschluss","174.66",,,"112.78",,,,,,,,,,,,,,,,,,,,,,,,,,,,,,,,,,,,,,,,,,,,,,,,,,"31.25",,,,"16.08",,,,"14.55",,,
"15","2025-07-06 15:47:59","6","de","243359931","2025-07-06 15:45:31","2025-07-06 15:47:59","1",,,,,,,,,"Müllentsorgung",,"Umweltverschmutzung",,,"Verkehr & Infrastruktur","Asphalt & Schlaglöcher",,,,"Müllentsorgung",,"Sperrmüll",,,"Müllentsorgung",,"Altglas- & Altkleidercontainer",,,"Müllentsorgung",,"Sonstiges",,,"Verkehr & Infrastruktur","Ampeln, Verkehrsschilder & Straßenbeleuchtung",,,,"Müllentsorgung",,"Sonstiges",,,"Müllentsorgung",,"Sperrmüll",,,"Sicher","Nein",,"Ja","Nein","Nein","Nein","Ja","Nein","Nein","Ja","Nein","Weiblich","21","Abitur","161.71",,,,,,,,,,,,"108.54",,,,,,,,,,,,,,,,,,,,,,,,,,,,,,,,,,,,,,,,,"10.34",,,,"29.95",,,,"12.88",,,
"16","2025-07-06 15:56:14","6","de","2004381418","2025-07-06 15:52:13","2025-07-06 15:56:14","1",,,,,,,,,"Müllentsorgung",,"Umweltverschmutzung",,,"Verkehr & Infrastruktur","Asphalt & Schlaglöcher",,,,"Müllentsorgung",,"Sperrmüll",,,"Müllentsorgung",,"Sperrmüll",,,"Müllentsorgung",,"Öffentliche Mülleimer",,,"Natur & öffentliche Plätze",,,"Aufkleber, Plakate & Sprüche",,"Müllentsorgung",,"Umweltverschmutzung",,,"Müllentsorgung",,"Sperrmüll",,,"Sicher","Ja","Mehrere passende Kategorien","Ja","Nein","Nein","Nein","Ja","Nein","Nein","Ja","Nein","Weiblich","24","Hochschulabschluss","240.57",,,,,,,,,,,,"178.74",,,,,,,,,,,,,,,,,,,,,,,,,,,,,,,,,,,,,,,,,"30.42",,,,"16.17",,,,"15.24",,,
"17",,"2","de","727497531","2025-07-06 15:56:00","2025-07-06 15:56:00","1",,,,,,,,,,,,,,,,,,,,,,,,,,,,,,,,,,,,,,,,,,,,,,,,,,,,"N/A","N/A","N/A","N/A","N/A","N/A","N/A","N/A","N/A",,,,"0",,,,,,,,,,,,,,,,,,,,,,,,,,,,,,,,,,,,,,,,,,,,,,,,,,,,,,,,,,,,,,,,
"18","2025-07-06 15:58:36","6","de","727497531","2025-07-06 15:56:01","2025-07-06 15:58:36","1",,,,,,,,,"Natur & öffentliche Plätze",,,"Umweltverschmutzung",,"Verkehr & Infrastruktur","Asphalt & Schlaglöcher",,,,"Müllentsorgung",,"Sperrmüll",,,"Müllentsorgung",,"Altglas- & Altkleidercontainer",,,"Müllentsorgung",,"Umweltverschmutzung",,,"Verkehr & Infrastruktur","Ampeln, Verkehrsschilder & Straßenbeleuchtung",,,,"Müllentsorgung",,"Sperrmüll",,,"Müllentsorgung",,"Altglas- & Altkleidercontainer",,,"Sicher","Ja","Die unterschiedliche müllensorgungsarten zu kategorisieren
","Ja","Nein","Nein","Nein","Ja","Nein","Nein","Ja","Nein","Weiblich","20","Abitur","152.11",,,,,,,,,,,,"105.93",,,,,,,,,,,,,,,,,,,,,,,,,,,,,,,,,,,,,,,,,"24.22",,,,"9.52",,,,"12.44",,,
"19","2025-07-06 17:19:02","6","de","1495422939","2025-07-06 16:04:28","2025-07-06 17:19:02","0","Wilde Müllkippe 🧹","Straßen 🚧","Wilde Müllkippe 🧹","Abfall 🗑","Wilde Müllkippe 🧹","Verkehrszeichen ⚠️","Wilde Müllkippe 🧹","Danke sagen 🙏",,,,,,,,,,,,,,,,,,,,,,,,,,,,,,,,,,,,,,,,,"Weder sicher noch unsicher","Ja","Abfall vs wilde Müllkippe, was gehört wozu?
Was bedeutet die Kategorie „Danke sagen“?
Das letzte Bild sah für mich aus wie die Stätte einer obdachlosen Person und deswegen für mich nicht als „Müll“ o.Ä. einzuordnen.","Ja","Nein","Nein","Nein","Ja","Nein","Nein","Ja","Nein","Divers","22","Abitur","4474.61",,,"107.67",,,,,,,,,,,,,,,,,,,,,,,,,,,,,,,,,,,,,,,,,,,,,,,,,,"4335.86",,,,"14.89",,,,"16.19",,,
"20","2025-07-06 16:34:38","6","de","2080380768","2025-07-06 16:32:51","2025-07-06 16:34:38","0","Wilde Müllkippe 🧹","Straßen 🚧","Abfall 🗑","Wilde Müllkippe 🧹","Abfall 🗑","Verkehrszeichen ⚠️","Abfall 🗑","Wilde Müllkippe 🧹",,,,,,,,,,,,,,,,,,,,,,,,,,,,,,,,,,,,,,,,,"Sicher","Nein",,"Ja","Nein","Nein","Nein","Ja","Nein","Nein","Ja","Nein","Weiblich","21","Abitur","106.61",,,"63.45",,,,,,,,,,,,,,,,,,,,,,,,,,,,,,,,,,,,,,,,,,,,,,,,,,"11.78",,,,"18.76",,,,"12.62",,,
"21","2025-07-06 16:57:39","6","de","1146988668","2025-07-06 16:53:55","2025-07-06 16:57:39","1",,,,,,,,,"Müllentsorgung",,"Umweltverschmutzung",,,"Verkehr & Infrastruktur","Fahrradwege",,,,"Müllentsorgung",,"Sperrmüll",,,"Müllentsorgung",,"Altglas- & Altkleidercontainer",,,"Müllentsorgung",,"Umweltverschmutzung",,,"Verkehr & Infrastruktur","Sonstiges",,,,"Natur & öffentliche Plätze",,,"Umweltverschmutzung",,"Müllentsorgung",,"Sperrmüll",,,"Weder sicher noch unsicher","Nein",,"Ja","Nein","Nein","Nein","Ja","Nein","Nein","Ja","Nein","Männlich","21","Abitur","220.75",,,,,,,,,,,,"186.33",,,,,,,,,,,,,,,,,,,,,,,,,,,,,,,,,,,,,,,,,"11.1",,,,"12.81",,,,"10.51",,,
"22",,"2","de","1666086612","2025-07-06 17:17:28","2025-07-06 17:18:41","1",,,,,,,,,,,,,,,,,,,,,,,,,,,,,,,,,,,,,,,,,,,,,,,,,,,,"N/A","N/A","N/A","N/A","N/A","N/A","N/A","N/A","N/A",,,,"139.9",,,"139.9",,,,,,,,,,,,,,,,,,,,,,,,,,,,,,,,,,,,,,,,,,,,,,,,,,,,,,,,,,,,,
"23",,"1","de","1666086612","2025-07-06 17:17:30","2025-07-06 17:17:30","0",,,,,,,,,,,,,,,,,,,,,,,,,,,,,,,,,,,,,,,,,,,,,,,,,,,,"N/A","N/A","N/A","N/A","N/A","N/A","N/A","N/A","N/A",,,,"0",,,,,,,,,,,,,,,,,,,,,,,,,,,,,,,,,,,,,,,,,,,,,,,,,,,,,,,,,,,,,,,,
"24","2025-07-06 17:23:08","6","de","1877005983","2025-07-06 17:20:41","2025-07-06 17:23:08","0","Wilde Müllkippe 🧹","Straßen 🚧","Abfall 🗑","Abfall 🗑","Abfall 🗑","Verkehrszeichen ⚠️","Abfall 🗑","Abfall 🗑",,,,,,,,,,,,,,,,,,,,,,,,,,,,,,,,,,,,,,,,,"Sicher","Ja","","Ja","Nein","Nein","Nein","Ja","Nein","Nein","Ja","Nein","Weiblich","19","Abitur","147.11",,,"100.56",,,,,,,,,,,,,,,,,,,,,,,,,,,,,,,,,,,,,,,,,,,,,,,,,,"14.36",,,,"17.11",,,,"15.08",,,
"25","2025-07-06 17:30:58","6","de","768928078","2025-07-06 17:29:06","2025-07-06 17:30:58","0","Wilde Müllkippe 🧹","Straßen 🚧","Wilde Müllkippe 🧹","Wilde Müllkippe 🧹","Wilde Müllkippe 🧹","Verkehrszeichen ⚠️","Wilde Müllkippe 🧹","Wilde Müllkippe 🧹",,,,,,,,,,,,,,,,,,,,,,,,,,,,,,,,,,,,,,,,,"Sehr sicher","Nein",,"Ja","Nein","Nein","Nein","Ja","Nein","Nein","Ja","Nein","Männlich","28","Ausbildung","112.84",,,"66.72",,,,,,,,,,,,,,,,,,,,,,,,,,,,,,,,,,,,,,,,,,,,,,,,,,"8.99",,,,"16.45",,,,"20.68",,,
"26",,"2","de","1210921703","2025-07-06 17:30:45","2025-07-06 17:30:45","1",,,,,,,,,,,,,,,,,,,,,,,,,,,,,,,,,,,,,,,,,,,,,,,,,,,,"N/A","N/A","N/A","N/A","N/A","N/A","N/A","N/A","N/A",,,,"0",,,,,,,,,,,,,,,,,,,,,,,,,,,,,,,,,,,,,,,,,,,,,,,,,,,,,,,,,,,,,,,,
"27",,"2","de","1808222478","2025-07-06 17:53:24","2025-07-06 18:06:03","1",,,,,,,,,,,,,,,,,,,,,,,,,,,,,,,,,,,,,,,,,,,,,,,,,"Sicher","",,"N/A","N/A","N/A","N/A","N/A","N/A","N/A","N/A","N/A",,,,"990.93",,,"508.2",,,,,,,,,"468.47",,,,,,,,,,,,,,,,,,,,,,,,,,,,,,,,,,,,,,,,,"14.26",,,,,,,,,,,
"28","2025-07-06 18:28:48","6","de","1669099984","2025-07-06 18:25:36","2025-07-06 18:28:48","1",,,,,,,,,"Müllentsorgung",,"Umweltverschmutzung",,,"Verkehr & Infrastruktur","Fahrradwege",,,,"Müllentsorgung",,"Sperrmüll",,,"Müllentsorgung",,"Altglas- & Altkleidercontainer",,,"Müllentsorgung",,"Umweltverschmutzung",,,"Verkehr & Infrastruktur","Ampeln, Verkehrsschilder & Straßenbeleuchtung",,,,"Müllentsorgung",,"Umweltverschmutzung",,,"Müllentsorgung",,"Sperrmüll",,,"Sicher","Nein",,"Ja","Nein","Nein","Nein","Ja","Nein","Nein","Ja","Nein","Männlich","26","Abitur","190.17",,,,,,,,,,,,"157.6",,,,,,,,,,,,,,,,,,,,,,,,,,,,,,,,,,,,,,,,,"12.35",,,,"10.85",,,,"9.37",,,
"29","2025-07-06 18:33:49","6","de","1238165133","2025-07-06 18:29:22","2025-07-06 18:33:49","1",,,,,,,,,"Müllentsorgung",,"Umweltverschmutzung",,,"Verkehr & Infrastruktur","Asphalt & Schlaglöcher",,,,"Müllentsorgung",,"Sperrmüll",,,"Müllentsorgung",,"Sperrmüll",,,"Müllentsorgung",,"Sperrmüll",,,"Verkehr & Infrastruktur","Ampeln, Verkehrsschilder & Straßenbeleuchtung",,,,"Müllentsorgung",,"Umweltverschmutzung",,,"Müllentsorgung",,"Sperrmüll",,,"Sicher","Ja","Manchmal gab es bei den Unterkategorien zur Müllentsorgung Probleme, Dinge korrekt einzuordnen. Es gibt ja schon Sachen, die wild herumliegen, aber nicht unbedingt Sperrmüll sind oder direkt Umweltverschmutzung.","Nein","Ja","Nein","Ja","Nein","Nein","Nein","Ja","Nein","Weiblich","21","Abitur","262.98",,,"60.75",,,,,,,,,"98.87",,,,,,,,,,,,,,,,,,,,,,,,,,,,,,,,,,,,,,,,,"73.06",,,,"10.69",,,,"19.61",,,
"30",,"1","de","1238165133","2025-07-06 18:29:23","2025-07-06 18:29:23","0",,,,,,,,,,,,,,,,,,,,,,,,,,,,,,,,,,,,,,,,,,,,,,,,,,,,"N/A","N/A","N/A","N/A","N/A","N/A","N/A","N/A","N/A",,,,"0",,,,,,,,,,,,,,,,,,,,,,,,,,,,,,,,,,,,,,,,,,,,,,,,,,,,,,,,,,,,,,,,
"31","2025-07-06 18:35:58","6","de","854253246","2025-07-06 18:33:38","2025-07-06 18:35:58","1",,,,,,,,,"Müllentsorgung",,"Umweltverschmutzung",,,"Verkehr & Infrastruktur","Asphalt & Schlaglöcher",,,,"Müllentsorgung",,"Sperrmüll",,,"Müllentsorgung",,"Sperrmüll",,,"Müllentsorgung",,"Sonstiges",,,"Verkehr & Infrastruktur","Ampeln, Verkehrsschilder & Straßenbeleuchtung",,,,"Müllentsorgung",,"Gefahrenstoffe",,,"Müllentsorgung",,"Sperrmüll",,,"Sicher","Nein",,"Ja","Nein","Nein","Nein","Ja","Nein","Nein","Ja","Nein","Weiblich","21","Abitur","139.25",,,,,,,,,,,,"103.73",,,,,,,,,,,,,,,,,,,,,,,,,,,,,,,,,,,,,,,,,"11.72",,,,"13.4",,,,"10.4",,,
"32","2025-07-06 18:39:20","6","de","1299917716","2025-07-06 18:36:47","2025-07-06 18:39:20","0","Wilde Müllkippe 🧹","Straßen 🚧","Abfall 🗑","Wilde Müllkippe 🧹","Abfall 🗑","Verkehrszeichen ⚠️","Abfall 🗑","Wilde Müllkippe 🧹",,,,,,,,,,,,,,,,,,,,,,,,,,,,,,,,,,,,,,,,,"Sicher","Nein",,"Ja","Nein","Nein","Nein","Ja","Nein","Nein","Ja","Nein","Weiblich","21","Abitur","152.62",,,"84.34",,,,,,,,,,,,,,,,,,,,,,,,,,,,,,,,,,,,,,,,,,,,,,,,,,"13.81",,,,"35.87",,,,"18.6",,,
"33","2025-07-06 19:04:17","6","de","1880583869","2025-07-06 18:59:34","2025-07-06 19:04:17","0","Wilde Müllkippe 🧹","Straßen 🚧","Straßen 🚧","Wilde Müllkippe 🧹","Abfall 🗑","Verkehrszeichen ⚠️","Abfall 🗑","Wilde Müllkippe 🧹",,,,,,,,,,,,,,,,,,,,,,,,,,,,,,,,,,,,,,,,,"Weder sicher noch unsicher","Ja","Das Bild mit den Steinlatten an der Säule war sehr schwierig fand ich und generell der Begriff ""Wilde Müllkippe"" ist mir nicht ganz klar gewesen aber ich denke ich habe ihn richtig gedeutet","Ja","Nein","Nein","Nein","Ja","Nein","Nein","Ja","Nein","Männlich","23","Abitur","282.79",,,"119.89",,,,,,,,,,,,,,,,,,,,,,,,,,,,,,,,,,,,,,,,,,,,,,,,,,"131.16",,,,"18.86",,,,"12.88",,,
"34","2025-07-06 19:09:55","6","de","1740099859","2025-07-06 19:07:17","2025-07-06 19:09:55","0","Abfall 🗑","Straßen 🚧","Wilde Müllkippe 🧹","Wilde Müllkippe 🧹","Wilde Müllkippe 🧹","Verkehrszeichen ⚠️","Wilde Müllkippe 🧹","Wilde Müllkippe 🧹",,,,,,,,,,,,,,,,,,,,,,,,,,,,,,,,,,,,,,,,,"Weder sicher noch unsicher","Ja","Unterscheidung zwischen Abfall und wilde Müllkippe","Ja","Nein","Nein","Nein","Ja","Nein","Nein","Ja","Nein","Weiblich","25","Abitur","158.24",,,"85.98",,,,,,,,,,,,,,,,,,,,,,,,,,,,,,,,,,,,,,,,,,,,,,,,,,"38.13",,,,"15.76",,,,"18.37",,,
"35",,"3","de","388815012","2025-07-06 19:46:11","2025-07-06 19:47:18","0","Wilde Müllkippe 🧹","Straßen 🚧","Wilde Müllkippe 🧹","Wilde Müllkippe 🧹","Wilde Müllkippe 🧹","Verkehrszeichen ⚠️","Wilde Müllkippe 🧹","Wilde Müllkippe 🧹",,,,,,,,,,,,,,,,,,,,,,,,,,,,,,,,,,,,,,,,,,,,"N/A","N/A","N/A","N/A","N/A","N/A","N/A","N/A","N/A",,,,"66.77",,,"66.77",,,,,,,,,,,,,,,,,,,,,,,,,,,,,,,,,,,,,,,,,,,,,,,,,,,,,,,,,,,,,
"36","2025-07-06 20:04:43","6","de","423803835","2025-07-06 20:01:57","2025-07-06 20:04:43","0","Wilde Müllkippe 🧹","Straßen 🚧","Abfall 🗑","Abfall 🗑","Abfall 🗑","Verkehrszeichen ⚠️","Wilde Müllkippe 🧹","Abfall 🗑",,,,,,,,,,,,,,,,,,,,,,,,,,,,,,,,,,,,,,,,,"Unsicher","Ja","Keine klaren Kategorien, Danke sagen ???","Ja","Nein","Nein","Nein","Ja","Nein","Nein","Ja","Nein","Weiblich","20","Abitur","166.25",,,"112.63",,,,,,,,,,,,,,,,,,,,,,,,,,,,,,,,,,,,,,,,,,,,,,,,,,"33.14",,,,"11.09",,,,"9.39",,,
"37","2025-07-06 20:12:18","6","de","1139835391","2025-07-06 20:08:34","2025-07-06 20:12:18","1",,,,,,,,,"Müllentsorgung",,"Umweltverschmutzung",,,"Verkehr & Infrastruktur","Asphalt & Schlaglöcher",,,,"Müllentsorgung",,"Umweltverschmutzung",,,"Müllentsorgung",,"Altglas- & Altkleidercontainer",,,"Müllentsorgung",,"Umweltverschmutzung",,,"Verkehr & Infrastruktur","Ampeln, Verkehrsschilder & Straßenbeleuchtung",,,,"Müllentsorgung",,"Umweltverschmutzung",,,"Müllentsorgung",,"Umweltverschmutzung",,,"Sehr sicher","Nein",,"Ja","Nein","Nein","Nein","Ja","Nein","Nein","Ja","Nein","Weiblich","25","Hochschulabschluss","222.54",,,,,,,,,,,,"188.62",,,,,,,,,,,,,,,,,,,,,,,,,,,,,,,,,,,,,,,,,"11.9",,,,"11.56",,,,"10.46",,,
"38","2025-07-06 21:28:32","6","de","1443173235","2025-07-06 21:27:04","2025-07-06 21:28:32","0","Abfall 🗑","Straßen 🚧","Wilde Müllkippe 🧹","Wilde Müllkippe 🧹","Abfall 🗑","Verkehrszeichen ⚠️","Abfall 🗑","Wilde Müllkippe 🧹",,,,,,,,,,,,,,,,,,,,,,,,,,,,,,,,,,,,,,,,,"Sicher","Nein",,"Ja","Nein","Nein","Nein","Ja","Nein","Nein","Ja","Nein","Weiblich","21","Hochschulabschluss","87.79",,,"50.23",,,,,,,,,,,,,,,,,,,,,,,,,,,,,,,,,,,,,,,,,,,,,,,,,,"9.27",,,,"13.18",,,,"15.11",,,
"39","2025-07-06 21:49:47","6","de","445930784","2025-07-06 21:47:01","2025-07-06 21:49:47","0","Abfall 🗑","Straßen 🚧","Wilde Müllkippe 🧹","Wilde Müllkippe 🧹","Abfall 🗑","Verkehrszeichen ⚠️","Wilde Müllkippe 🧹","Wilde Müllkippe 🧹",,,,,,,,,,,,,,,,,,,,,,,,,,,,,,,,,,,,,,,,,"Sicher","Ja","Mir war nicht ganz klar, ab wann es zur Kategorie Müll zählt und ab wann zur Kategorie wilde Müllkippe","Nein","Ja","Nein","Ja","Nein","Nein","Nein","Ja","Nein","Männlich","29","Hochschulabschluss","165.32",,,"91.85",,,,,,,,,,,,,,,,,,,,,,,,,,,,,,,,,,,,,,,,,,,,,,,,,,"45.76",,,,"15.63",,,,"12.08",,,
"40","2025-07-06 22:04:13","6","de","25610280","2025-07-06 22:00:37","2025-07-06 22:04:13","0","Abfall 🗑","Straßen 🚧","Abfall 🗑","Wilde Müllkippe 🧹","Abfall 🗑","Straßen 🚧","Abfall 🗑","Wilde Müllkippe 🧹",,,,,,,,,,,,,,,,,,,,,,,,,,,,,,,,,,,,,,,,,"Sehr unsicher","Ja","Die Kategorien wurden nicht richtig beschrieben und es passen mehrere Kategorien zu einem Bild. Vorallem die mit dem Müll, was auch Probleme auf z.B. Spielplätzen ist. Unverständlich war auch ""Abfall"" und ""Wilde Müllkippe"", was eigentlich das gleiche Problem darstellt, wobei letzteres lustiger klang. ","Ja","Nein","Nein","Nein","Ja","Nein","Nein","Ja","Nein","Divers","19","Abitur","216.9",,,"74.41",,,,,,,,,,,,,,,,,,,,,,,,,,,,,,,,,,,,,,,,,,,,,,,,,,"114.32",,,,"17.37",,,,"10.8",,,
"41","2025-07-06 22:34:26","6","de","523820272","2025-07-06 22:29:47","2025-07-06 22:34:26","1",,,,,,,,,"Natur & öffentliche Plätze",,,"Umweltverschmutzung",,"Verkehr & Infrastruktur","Asphalt & Schlaglöcher",,,,"Natur & öffentliche Plätze",,,"Umweltverschmutzung",,"Natur & öffentliche Plätze",,,"Umweltverschmutzung",,"Natur & öffentliche Plätze",,,"Umweltverschmutzung",,"Verkehr & Infrastruktur","Ampeln, Verkehrsschilder & Straßenbeleuchtung",,,,"Natur & öffentliche Plätze",,,"Umweltverschmutzung",,"Natur & öffentliche Plätze",,,"Umweltverschmutzung",,"Sicher","Ja","Ich fand es bei den ganzen Müll Bildern schwierig zu sagen ob es eher ein Problem der Müllentsorgung ist oder von Natur & öffentliche Plätze, da ja der Müll illegal an öffentlichen Orten bzw. in der Natur entsorgt wurde.","Ja","Nein","Nein","Nein","Ja","Nein","Nein","Ja","Nein","Weiblich","24","Abitur","276.75",,,,,,,,,,,,"152.5",,,,,,,,,,,,,,,,,,,,,,,,,,,,,,,,,,,,,,,,,"94.09",,,,"15.32",,,,"14.84",,,
"42","2025-07-06 22:44:47","6","de","2073102901","2025-07-06 22:43:07","2025-07-06 22:44:47","0","Wilde Müllkippe 🧹","Straßen 🚧","Abfall 🗑","Wilde Müllkippe 🧹","Abfall 🗑","Verkehrszeichen ⚠️","Abfall 🗑","Wilde Müllkippe 🧹",,,,,,,,,,,,,,,,,,,,,,,,,,,,,,,,,,,,,,,,,"Sehr sicher","Nein",,"Ja","Nein","Nein","Nein","Ja","Nein","Nein","Ja","Nein","Weiblich","21","Abitur","99.84",,,"65.13",,,,,,,,,,,,,,,,,,,,,,,,,,,,,,,,,,,,,,,,,,,,,,,,,,"8.11",,,,"15.52",,,,"11.08",,,
"43","2025-07-07 00:24:27","6","de","1054910403","2025-07-07 00:20:10","2025-07-07 00:24:27","1",,,,,,,,,"Müllentsorgung",,"Umweltverschmutzung",,,"Verkehr & Infrastruktur","Asphalt & Schlaglöcher",,,,"Müllentsorgung",,"Sperrmüll",,,"Müllentsorgung",,"Altglas- & Altkleidercontainer",,,"Müllentsorgung",,"Sonstiges",,,"Verkehr & Infrastruktur","Ampeln, Verkehrsschilder & Straßenbeleuchtung",,,,"Müllentsorgung",,"Umweltverschmutzung",,,"Müllentsorgung",,"Altglas- & Altkleidercontainer",,,"Sicher","Nein",,"Ja","Nein","Nein","Nein","Ja","Nein","Nein","Ja","Nein","Männlich","27","Hochschulabschluss","254.2",,,,,,,,,,,,"163.25",,,,,,,,,,,,,,,,,,,,,,,,,,,,,,,,,,,,,,,,,"19.55",,,,"60.02",,,,"11.38",,,
"44","2025-07-07 08:00:04","6","de","700096646","2025-07-07 07:54:37","2025-07-07 08:00:04","0","Wilde Müllkippe 🧹","Straßen 🚧","Wilde Müllkippe 🧹","Wilde Müllkippe 🧹","Wilde Müllkippe 🧹","Verkehrszeichen ⚠️","Wilde Müllkippe 🧹","Wilde Müllkippe 🧹",,,,,,,,,,,,,,,,,,,,,,,,,,,,,,,,,,,,,,,,,"Unsicher","Ja","Die Kategorien sind zT unterschieden in Ort und Art, wobei diese eigentlich nicht unbedingt zu unterscheiden, sondern miteinander in Verbindung zu bringen sein müssten. Bsp.: Bild von unrechtmäßig abgestelltem Müll im Park: Was macht man da jetzt? Wählt man Grünanlage, oder wilde Müllkippe. Ansonsten empfand ich die Auswahl auch als zu unkonkret. ","Ja","Nein","Nein","Nein","Ja","Nein","Nein","Ja","Nein","Weiblich","33","Hochschulabschluss","326.4",,,"80.43",,,,,,,,,,,,,,,,,,,,,,,,,,,,,,,,,,,,,,,,,,,,,,,,,,"219.31",,,,"16.61",,,,"10.05",,,
"45","2025-07-07 09:32:39","6","de","2135779707","2025-07-07 09:29:07","2025-07-07 09:32:39","1",,,,,,,,,"Müllentsorgung",,"Umweltverschmutzung",,,"Verkehr & Infrastruktur","Asphalt & Schlaglöcher",,,,"Müllentsorgung",,"Sperrmüll",,,"Müllentsorgung",,"Altglas- & Altkleidercontainer",,,"Müllentsorgung",,"Umweltverschmutzung",,,"Verkehr & Infrastruktur","Sonstiges",,,,"Müllentsorgung",,"Gefahrenstoffe",,,"Müllentsorgung",,"Sperrmüll",,,"Sicher","Ja","Ich hatte Probleme, das beschmierte Straßenschild zuzuordenen. Es ist möglich, dass ich nicht richtig gelesen haben und es doch einen Kategorie dafür gibt. Auf dem Bild mit dem Bett und den Klamotten - dachte ich, dass es schön wäre die option zu haben eine weitere Kategorie auszuwählen.","Ja","Nein","Nein","Nein","Ja","Nein","Nein","Ja","Nein","Weiblich","27","Hochschulabschluss","207.75",,,,,,,,,,,,"98.08",,,,,,,,,,,,,,,,,,,,,,,,,,,,,,,,,,,,,,,,,"85.41",,,,"14.92",,,,"9.34",,,
"46","2025-07-07 10:06:25","6","de","1599867067","2025-07-07 10:04:49","2025-07-07 10:06:25","0","Wilde Müllkippe 🧹","Straßen 🚧","Wilde Müllkippe 🧹","Abfall 🗑","Wilde Müllkippe 🧹","Verkehrszeichen ⚠️","Abfall 🗑","Wilde Müllkippe 🧹",,,,,,,,,,,,,,,,,,,,,,,,,,,,,,,,,,,,,,,,,"Sicher","Ja","Abfall vs. wilde Müllkippe undeutlich","Nein","Ja","Nein","Ja","Nein","Nein","Ja","Nein","Nein","Männlich","22","Hochschulabschluss","98.09",,,"55.2",,,,,,,,,,,,,,,,,,,,,,,,,,,,,,,,,,,,,,,,,,,,,,,,,,"22.53",,,,"10.56",,,,"9.8",,,
"47","2025-07-07 10:55:20","6","de","1167039522","2025-07-07 10:52:21","2025-07-07 10:55:20","1",,,,,,,,,"Müllentsorgung",,"Umweltverschmutzung",,,"Verkehr & Infrastruktur","Asphalt & Schlaglöcher",,,,"Müllentsorgung",,"Sperrmüll",,,"Müllentsorgung",,"Sperrmüll",,,"Müllentsorgung",,"Sonstiges",,,"Natur & öffentliche Plätze",,,"Aufkleber, Plakate & Sprüche",,"Müllentsorgung",,"Gefahrenstoffe",,,"Müllentsorgung",,"Sperrmüll",,,"Sicher","Nein",,"Ja","Nein","Nein","Nein","Ja","Nein","Nein","Ja","Nein","Weiblich","20","Abitur","176.16",,,,,,,,,,,,"124.53",,,,,,,,,,,,,,,,,,,,,,,,,,,,,,,,,,,,,,,,,"11.93",,,,"23.69",,,,"16.01",,,
"48","2025-07-07 12:37:47","6","de","1702504613","2025-07-07 12:34:50","2025-07-07 12:37:47","1",,,,,,,,,"Müllentsorgung",,"Umweltverschmutzung",,,"Verkehr & Infrastruktur","Asphalt & Schlaglöcher",,,,"Müllentsorgung",,"Sperrmüll",,,"Müllentsorgung",,"Umweltverschmutzung",,,"Müllentsorgung",,"Umweltverschmutzung",,,"Verkehr & Infrastruktur","Ampeln, Verkehrsschilder & Straßenbeleuchtung",,,,"Müllentsorgung",,"Sonstiges",,,"Müllentsorgung",,"Sperrmüll",,,"Sicher","Nein",,"Ja","Nein","Nein","Nein","Ja","Nein","Nein","Ja","Nein","Weiblich","26","Hochschulabschluss","173.74",,,,,,,,,,,,"130.15",,,,,,,,,,,,,,,,,,,,,,,,,,,,,,,,,,,,,,,,,"20.14",,,,"11.22",,,,"12.23",,,
"49","2025-07-07 13:11:17","6","de","1025248022","2025-07-07 13:05:25","2025-07-07 13:11:17","1",,,,,,,,,"Natur & öffentliche Plätze",,,"Umweltverschmutzung",,"Verkehr & Infrastruktur","Sonstiges",,,,"Natur & öffentliche Plätze",,,"Umweltverschmutzung",,"Müllentsorgung",,"Altglas- & Altkleidercontainer",,,"Müllentsorgung",,"Umweltverschmutzung",,,"Natur & öffentliche Plätze",,,"Aufkleber, Plakate & Sprüche",,"Natur & öffentliche Plätze",,,"Umweltverschmutzung",,"Natur & öffentliche Plätze",,,"Umweltverschmutzung",,"Sicher","Ja","man kann viele Bilder mehreren Kategorien zuordnen.","Ja","Nein","Nein","Nein","Ja","Nein","Nein","Ja","Nein","Weiblich","25","Hochschulabschluss","349.69",,,,,,,,,,,,"112.72",,,,,,,,,,,,,,,,,,,,,,,,,,,,,,,,,,,,,,,,,"210.14",,,,"13.43",,,,"13.4",,,
"50","2025-07-07 13:14:28","6","de","1772069538","2025-07-07 13:13:02","2025-07-07 13:14:28","0","Wilde Müllkippe 🧹","Straßen 🚧","Wilde Müllkippe 🧹","Abfall 🗑","Abfall 🗑","Verkehrszeichen ⚠️","Abfall 🗑","Wilde Müllkippe 🧹",,,,,,,,,,,,,,,,,,,,,,,,,,,,,,,,,,,,,,,,,"Sicher","Nein",,"Ja","Nein","Nein","Nein","Ja","Nein","Nein","Ja","Nein","Männlich","26","Abitur","84.92",,,"55.82",,,,,,,,,,,,,,,,,,,,,,,,,,,,,,,,,,,,,,,,,,,,,,,,,,"7.98",,,,"12",,,,"9.12",,,
"51","2025-07-07 14:07:52","6","de","1366823079","2025-07-07 14:04:50","2025-07-07 14:07:52","0","Wilde Müllkippe 🧹","Straßen 🚧","Abfall 🗑","Abfall 🗑","Abfall 🗑","Verkehrszeichen ⚠️","Wilde Müllkippe 🧹","Wilde Müllkippe 🧹",,,,,,,,,,,,,,,,,,,,,,,,,,,,,,,,,,,,,,,,,"Weder sicher noch unsicher","Ja","Manchmal waren die Kategorien nicht eindeutig zuzuordnen. Die Definition dieser fehlte. ","Ja","Nein","Nein","Nein","Ja","Nein","Nein","Ja","Nein","Weiblich","23","Hochschulabschluss","181.32",,,"87.4",,,,,,,,,,,,,,,,,,,,,,,,,,,,,,,,,,,,,,,,,,,,,,,,,,"55.91",,,,"15.81",,,,"22.2",,,
"52","2025-07-07 14:13:55","6","de","1751533211","2025-07-07 14:12:08","2025-07-07 14:13:55","0","Wilde Müllkippe 🧹","Straßen 🚧","Abfall 🗑","Abfall 🗑","Abfall 🗑","Spielplätze 🧸","Abfall 🗑","Abfall 🗑",,,,,,,,,,,,,,,,,,,,,,,,,,,,,,,,,,,,,,,,,"Sicher","Nein",,"Ja","Nein","Nein","Nein","Ja","Nein","Nein","Ja","Nein","Weiblich","24","Abitur","107.2",,,"74.93",,,,,,,,,,,,,,,,,,,,,,,,,,,,,,,,,,,,,,,,,,,,,,,,,,"9.19",,,,"9.61",,,,"13.47",,,
"53","2025-07-07 14:51:57","6","de","1545976510","2025-07-07 14:49:25","2025-07-07 14:51:57","1",,,,,,,,,"Müllentsorgung",,"Umweltverschmutzung",,,"Verkehr & Infrastruktur","Asphalt & Schlaglöcher",,,,"Müllentsorgung",,"Sperrmüll",,,"Müllentsorgung",,"Altglas- & Altkleidercontainer",,,"Müllentsorgung",,"Umweltverschmutzung",,,"Verkehr & Infrastruktur","Ampeln, Verkehrsschilder & Straßenbeleuchtung",,,,"Müllentsorgung",,"Umweltverschmutzung",,,"Müllentsorgung",,"Sperrmüll",,,"Sehr sicher","Nein",,"Ja","Nein","Nein","Nein","Ja","Nein","Nein","Ja","Nein","Weiblich","22","Abitur","148.6",,,,,,,,,,,,"116.15",,,,,,,,,,,,,,,,,,,,,,,,,,,,,,,,,,,,,,,,,"7.1",,,,"12.22",,,,"13.13",,,
"54",,"2","de","957402716","2025-07-07 15:37:19","2025-07-07 16:01:27","1",,,,,,,,,,,,,,,,,,,,,,,,,,,,,,,,,,,,,,,,,,,,,,,,,,,,"N/A","N/A","N/A","N/A","N/A","N/A","N/A","N/A","N/A",,,,"0",,,,,,,,,,,,,,,,,,,,,,,,,,,,,,,,,,,,,,,,,,,,,,,,,,,,,,,,,,,,,,,,
"55","2025-07-07 16:28:20","6","de","1267938012","2025-07-07 16:26:33","2025-07-07 16:28:20","0","Wilde Müllkippe 🧹","Straßen 🚧","Wilde Müllkippe 🧹","Wilde Müllkippe 🧹","Abfall 🗑","Verkehrszeichen ⚠️","Abfall 🗑","Wilde Müllkippe 🧹",,,,,,,,,,,,,,,,,,,,,,,,,,,,,,,,,,,,,,,,,"Unsicher","Ja","Unterscheidung von Abfall und Wilde Müllkippe","Ja","Nein","Nein","Nein","Ja","Nein","Nein","Ja","Nein","Männlich","25","Hochschulabschluss","107.42",,,"63.98",,,,,,,,,,,,,,,,,,,,,,,,,,,,,,,,,,,,,,,,,,,,,,,,,,"19.89",,,,"11.58",,,,"11.97",,,
"56","2025-07-07 20:26:46","6","de","1798840513","2025-07-07 20:24:44","2025-07-07 20:26:46","0","Abfall 🗑","Straßen 🚧","Wilde Müllkippe 🧹","Wilde Müllkippe 🧹","Wilde Müllkippe 🧹","Verkehrszeichen ⚠️","Wilde Müllkippe 🧹","Wilde Müllkippe 🧹",,,,,,,,,,,,,,,,,,,,,,,,,,,,,,,,,,,,,,,,,"Sicher","Ja","Verkehrszeichen als Mangel","Nein","Ja","Nein","Ja","Nein","Nein","Nein","Ja","Nein","Männlich","30","Hochschulabschluss","123.67",,,"76.24",,,,,,,,,,,,,,,,,,,,,,,,,,,,,,,,,,,,,,,,,,,,,,,,,,"18.58",,,,"20.22",,,,"8.63",,,
"57","2025-07-07 20:32:52","6","de","596785981","2025-07-07 20:27:33","2025-07-07 20:32:52","1",,,,,,,,,"Müllentsorgung",,"Umweltverschmutzung",,,"Verkehr & Infrastruktur","Asphalt & Schlaglöcher",,,,"Müllentsorgung",,"Sperrmüll",,,"Müllentsorgung",,"Altglas- & Altkleidercontainer",,,"Müllentsorgung",,"Sonstiges",,,"Verkehr & Infrastruktur","Ampeln, Verkehrsschilder & Straßenbeleuchtung",,,,"Müllentsorgung",,"Umweltverschmutzung",,,"Müllentsorgung",,"Sperrmüll",,,"Weder sicher noch unsicher","Ja","Manche Mängel fallen offensichtlich nicht nur in eine Kategorie, sondern in mehrere. Zudem waren nicht alle Bilder zu 100 Prozent eindeutig hinsichtlich der Sachlage.","Ja","Nein","Nein","Nein","Ja","Nein","Nein","Ja","Nein","Männlich","19","Abitur","315.21",,,,,,,,,,,,"179.86",,,,,,,,,,,,,,,,,,,,,,,,,,,,,,,,,,,,,,,,,"107.85",,,,"16.48",,,,"11.02",,,
"58","2025-07-07 21:00:25","6","de","204226963","2025-07-07 20:56:41","2025-07-07 21:00:25","1",,,,,,,,,"Müllentsorgung",,"Umweltverschmutzung",,,"Verkehr & Infrastruktur","Asphalt & Schlaglöcher",,,,"Müllentsorgung",,"Sperrmüll",,,"Müllentsorgung",,"Altglas- & Altkleidercontainer",,,"Müllentsorgung",,"Öffentliche Mülleimer",,,"Verkehr & Infrastruktur","Ampeln, Verkehrsschilder & Straßenbeleuchtung",,,,"Müllentsorgung",,"Umweltverschmutzung",,,"Müllentsorgung",,"Sperrmüll",,,"Sicher","Ja","Bei den unterkategorien fehlte mir eine Kategorie wie Hausmüll oder Alltagsmüll","Nein","Ja","Nein","Nein","Ja","Nein","Nein","Ja","Nein","Weiblich","26","Hochschulabschluss","220.23",,,,,,,,,,,,"127.07",,,,,,,,,,,,,,,,,,,,,,,,,,,,,,,,,,,,,,,,,"56.86",,,,"23.91",,,,"12.39",,,
"59","2025-07-07 22:22:34","6","de","1072654066","2025-07-07 22:19:09","2025-07-07 22:22:34","1",,,,,,,,,"Müllentsorgung",,"Umweltverschmutzung",,,"Verkehr & Infrastruktur","Asphalt & Schlaglöcher",,,,"Müllentsorgung",,"Sonstiges",,,"Müllentsorgung",,"Altglas- & Altkleidercontainer",,,"Müllentsorgung",,"Sonstiges",,,"Verkehr & Infrastruktur","Ampeln, Verkehrsschilder & Straßenbeleuchtung",,,,"Müllentsorgung",,"Gefahrenstoffe",,,"Müllentsorgung",,"Sperrmüll",,,"Sicher","Ja","Konnte auf dem Bild mit den weißen Platten auf dem Parkplatz nicht so wirklich erkennen, was das für Platten sein sollen","Ja","Nein","Nein","Nein","Ja","Nein","Nein","Ja","Nein","Weiblich","25","Hochschulabschluss","203.46",,,,,,,,,,,,"139.88",,,,,,,,,,,,,,,,,,,,,,,,,,,,,,,,,,,,,,,,,"39.64",,,,"11.34",,,,"12.6",,,
"60","2025-07-07 22:37:00","6","de","911792370","2025-07-07 22:34:05","2025-07-07 22:37:00","0","Wilde Müllkippe 🧹","Straßen 🚧","Abfall 🗑","Wilde Müllkippe 🧹","Abfall 🗑","Verkehrszeichen ⚠️","Abfall 🗑","Wilde Müllkippe 🧹",,,,,,,,,,,,,,,,,,,,,,,,,,,,,,,,,,,,,,,,,"Weder sicher noch unsicher","Nein",,"Nein","Ja","Nein","Nein","Ja","Nein","Nein","Ja","Nein","Weiblich","20","Abitur","158.66",,,"110.41",,,,,,,,,,,,,,,,,,,,,,,,,,,,,,,,,,,,,,,,,,,,,,,,,,"21.82",,,,"13.82",,,,"12.61",,,
"61",,"2","de","1785056886","2025-07-08 07:52:55","2025-07-08 07:52:55","1",,,,,,,,,,,,,,,,,,,,,,,,,,,,,,,,,,,,,,,,,,,,,,,,,,,,"N/A","N/A","N/A","N/A","N/A","N/A","N/A","N/A","N/A",,,,"0",,,,,,,,,,,,,,,,,,,,,,,,,,,,,,,,,,,,,,,,,,,,,,,,,,,,,,,,,,,,,,,,
"62","2025-07-08 11:17:16","6","de","1689818448","2025-07-08 11:15:34","2025-07-08 11:17:16","0","Abfall 🗑","Straßen 🚧","Abfall 🗑","Wilde Müllkippe 🧹","Abfall 🗑","Verkehrszeichen ⚠️","Abfall 🗑","Wilde Müllkippe 🧹",,,,,,,,,,,,,,,,,,,,,,,,,,,,,,,,,,,,,,,,,"Sicher","Nein",,"Ja","Nein","Nein","Nein","Ja","Nein","Nein","Ja","Nein","Weiblich","23","Hochschulabschluss","102.17",,,"60.49",,,,,,,,,,,,,,,,,,,,,,,,,,,,,,,,,,,,,,,,,,,,,,,,,,"11.23",,,,"17.16",,,,"13.29",,,
"63","2025-07-08 13:01:52","6","de","195190126","2025-07-08 12:57:39","2025-07-08 13:01:52","1",,,,,,,,,"Natur & öffentliche Plätze",,,"Sonstiges",,"Verkehr & Infrastruktur","Asphalt & Schlaglöcher",,,,"Müllentsorgung",,"Sperrmüll",,,"Müllentsorgung",,"Altglas- & Altkleidercontainer",,,"Müllentsorgung",,"Sonstiges",,,"Verkehr & Infrastruktur","Ampeln, Verkehrsschilder & Straßenbeleuchtung",,,,"Müllentsorgung",,"Gefahrenstoffe",,,"Müllentsorgung",,"Sperrmüll",,,"Sicher","Ja","man möchte ""Sonstiges"" vermeiden, aber alles andere passte manchmal nicht oder betraf mehrere Kategorien","Nein","Ja","Nein","Nein","Nein","Ja","Nein","Ja","Nein","Weiblich","28","Hochschulabschluss","249.84",,,,,,,,,,,,"169.98",,,,,,,,,,,,,,,,,,,,,,,,,,,,,,,,,,,,,,,,,"45.81",,,,"20.16",,,,"13.89",,,
